"Transect","ID","Remarks","Time","Geometry","Latitude","Longitude","Elevation","Ortho Height","Instrument Ht","Fix ID","Horizontal Accuracy","Vertical Accuracy","PDOP","HDOP","VDOP","Satellites in View","Satellites in Use","Top_layer","Top_layer_other","Lower_1","Lower_1_other","Lower_2","Lower_2_other","Lower_3","Lower_3_other","Soil_surface","Soil_surface_other","Microsite","Microsite_other","Top_height","Litter","Litter_other","Litter_depth_center","Litter_depth_north","Litter_depth_east","Litter_depth_south","Litter_depth_west","Nearby_canopy_1","Nearby_canopy_2","Nearby_canopy_3","Nearby_canopy_4","Nearby_canopy_5","Photo","BagID","Quadrat_checklist"
"JORN019",55,"3.8DS","26-04-2025 12:59:12.000 -0600","POINTZ(-106.807979398 32.623945702 1303.519)",32.623945702,-106.807979398,1303.519,0,1.74,2,0.097,0.19,0.88,0.47,0.75,35,31,NA,NA,NA,NA,NA,NA,NA,NA,NA,NA,NA,NA,NA,NA,NA,NA,NA,NA,NA,NA,NA,NA,NA,NA,NA,NA,NA,NA
"JORN019",56,"3.8_DS","26-04-2025 12:59:22.250 -0600","POINTZ(-106.807979167 32.62394449 1303.676)",32.62394449,-106.807979167,1303.676,0,1.74,2,0.097,0.2,0.88,0.47,0.75,35,31,NA,NA,NA,NA,NA,NA,NA,NA,NA,NA,NA,NA,NA,NA,NA,NA,NA,NA,NA,NA,NA,NA,NA,NA,NA,NA,NA,NA
"JORN019",57,"13.2_DE","26-04-2025 13:00:00.000 -0600","POINTZ(-106.807951262 32.624026038 1303.586)",32.624026038,-106.807951262,1303.586,0,1.74,2,0.097,0.2,0.88,0.47,0.75,35,31,NA,NA,NA,NA,NA,NA,NA,NA,NA,NA,NA,NA,NA,NA,NA,NA,NA,NA,NA,NA,NA,NA,NA,NA,NA,NA,NA,NA
"JORN019",58,"25.9_DS","26-04-2025 13:00:27.000 -0600","POINTZ(-106.80792645 32.624136682 1303.818)",32.624136682,-106.80792645,1303.818,0,1.74,2,0.098,0.2,0.89,0.47,0.75,35,31,NA,NA,NA,NA,NA,NA,NA,NA,NA,NA,NA,NA,NA,NA,NA,NA,NA,NA,NA,NA,NA,NA,NA,NA,NA,NA,NA,NA
"JORN019",59,"35.5_DE","26-04-2025 13:00:56.000 -0600","POINTZ(-106.80791201 32.62421979 1304.182)",32.62421979,-106.80791201,1304.182,0,1.74,2,0.1,0.22,0.89,0.47,0.75,35,31,NA,NA,NA,NA,NA,NA,NA,NA,NA,NA,NA,NA,NA,NA,NA,NA,NA,NA,NA,NA,NA,NA,NA,NA,NA,NA,NA,NA
"JORN019",60,"46.5_DS","26-04-2025 13:01:19.000 -0600","POINTZ(-106.807891055 32.624316873 1303.495)",32.624316873,-106.807891055,1303.495,0,1.74,2,0.097,0.2,0.89,0.47,0.75,35,31,NA,NA,NA,NA,NA,NA,NA,NA,NA,NA,NA,NA,NA,NA,NA,NA,NA,NA,NA,NA,NA,NA,NA,NA,NA,NA,NA,NA
"JORN117",52,"4.3_DE","26-04-2025 18:46:29.250 -0600","POINTZ(-106.793327715 32.605235705 1297.953)",32.605235705,-106.793327715,1297.953,0,1.74,2,0.1,0.24,0.95,0.51,0.81,38,29,NA,NA,NA,NA,NA,NA,NA,NA,NA,NA,NA,NA,NA,NA,NA,NA,NA,NA,NA,NA,NA,NA,NA,NA,NA,NA,NA,NA
"JORN117",53,"13_DS","26-04-2025 18:46:51.000 -0600","POINTZ(-106.793303222 32.605311253 1297.679)",32.605311253,-106.793303222,1297.679,0,1.74,2,0.11,0.24,0.95,0.51,0.81,38,29,NA,NA,NA,NA,NA,NA,NA,NA,NA,NA,NA,NA,NA,NA,NA,NA,NA,NA,NA,NA,NA,NA,NA,NA,NA,NA,NA,NA
"JORN117",54,"19.2_DE","26-04-2025 18:47:14.250 -0600","POINTZ(-106.793287185 32.605363703 1297.688)",32.605363703,-106.793287185,1297.688,0,1.74,2,0.1,0.24,0.95,0.51,0.81,38,29,NA,NA,NA,NA,NA,NA,NA,NA,NA,NA,NA,NA,NA,NA,NA,NA,NA,NA,NA,NA,NA,NA,NA,NA,NA,NA,NA,NA
"JORN117",55,"34.4_DS","26-04-2025 18:47:43.250 -0600","POINTZ(-106.793263908 32.605498127 1297.394)",32.605498127,-106.793263908,1297.394,0,1.74,2,0.1,0.24,0.95,0.51,0.81,38,29,NA,NA,NA,NA,NA,NA,NA,NA,NA,NA,NA,NA,NA,NA,NA,NA,NA,NA,NA,NA,NA,NA,NA,NA,NA,NA,NA,NA
"JORN117",56,"48.9_DE","26-04-2025 18:48:17.750 -0600","POINTZ(-106.793265612 32.605627655 1297.757)",32.605627655,-106.793265612,1297.757,0,1.74,2,0.11,0.24,0.95,0.51,0.81,38,29,NA,NA,NA,NA,NA,NA,NA,NA,NA,NA,NA,NA,NA,NA,NA,NA,NA,NA,NA,NA,NA,NA,NA,NA,NA,NA,NA,NA
"JORN120",52,"4.7_DS","29-04-2025 15:41:58.750 -0600","POINTZ(-106.778866408 32.608554693 1290.302)",32.608554693,-106.778866408,1290.302,0,1.74,2,0.1,0.25,0.99,0.48,0.86,43,32,NA,NA,NA,NA,NA,NA,NA,NA,NA,NA,NA,NA,NA,NA,NA,NA,NA,NA,NA,NA,NA,NA,NA,NA,NA,NA,NA,NA
"JORN120",53,"9.7_DE","29-04-2025 15:42:19.250 -0600","POINTZ(-106.778862615 32.608599533 1290.78)",32.608599533,-106.778862615,1290.78,0,1.74,2,0.11,0.28,1.02,0.49,0.89,43,31,NA,NA,NA,NA,NA,NA,NA,NA,NA,NA,NA,NA,NA,NA,NA,NA,NA,NA,NA,NA,NA,NA,NA,NA,NA,NA,NA,NA
"JORN120",54,"19.8_DS","29-04-2025 15:42:35.750 -0600","POINTZ(-106.778862903 32.60869016 1290.817)",32.60869016,-106.778862903,1290.817,0,1.74,2,0.1,0.28,1.02,0.49,0.89,43,31,NA,NA,NA,NA,NA,NA,NA,NA,NA,NA,NA,NA,NA,NA,NA,NA,NA,NA,NA,NA,NA,NA,NA,NA,NA,NA,NA,NA
"JORN120",55,"22.5_DE","29-04-2025 15:42:56.000 -0600","POINTZ(-106.778863393 32.608714947 1290.973)",32.608714947,-106.778863393,1290.973,0,1.74,2,0.095,0.24,0.99,0.47,0.87,43,31,NA,NA,NA,NA,NA,NA,NA,NA,NA,NA,NA,NA,NA,NA,NA,NA,NA,NA,NA,NA,NA,NA,NA,NA,NA,NA,NA,NA
"JORN120",56,"28.4_DS","29-04-2025 15:43:14.750 -0600","POINTZ(-106.77886176 32.60876675 1291.185)",32.60876675,-106.77886176,1291.185,0,1.74,2,0.094,0.24,0.99,0.47,0.87,43,31,NA,NA,NA,NA,NA,NA,NA,NA,NA,NA,NA,NA,NA,NA,NA,NA,NA,NA,NA,NA,NA,NA,NA,NA,NA,NA,NA,NA
"JORN120",57,"30.4_DE","29-04-2025 15:43:31.750 -0600","POINTZ(-106.778862175 32.608785153 1291.407)",32.608785153,-106.778862175,1291.407,0,1.74,2,0.093,0.23,0.99,0.47,0.87,44,31,NA,NA,NA,NA,NA,NA,NA,NA,NA,NA,NA,NA,NA,NA,NA,NA,NA,NA,NA,NA,NA,NA,NA,NA,NA,NA,NA,NA
"JORN120",58,"36.4_DS","29-04-2025 15:43:48.250 -0600","POINTZ(-106.778863057 32.608838443 1291.051)",32.608838443,-106.778863057,1291.051,0,1.74,2,0.093,0.23,0.99,0.47,0.87,43,31,NA,NA,NA,NA,NA,NA,NA,NA,NA,NA,NA,NA,NA,NA,NA,NA,NA,NA,NA,NA,NA,NA,NA,NA,NA,NA,NA,NA
"JORN120",59,"42.3_DE","29-04-2025 15:44:04.250 -0600","POINTZ(-106.778862417 32.608892013 1291.027)",32.608892013,-106.778862417,1291.027,0,1.74,2,0.094,0.23,0.98,0.47,0.86,43,31,NA,NA,NA,NA,NA,NA,NA,NA,NA,NA,NA,NA,NA,NA,NA,NA,NA,NA,NA,NA,NA,NA,NA,NA,NA,NA,NA,NA
"JORN120",60,"46.6_DS","29-04-2025 15:44:17.750 -0600","POINTZ(-106.778863073 32.608930368 1290.875)",32.608930368,-106.778863073,1290.875,0,1.74,2,0.091,0.23,0.98,0.47,0.86,43,31,NA,NA,NA,NA,NA,NA,NA,NA,NA,NA,NA,NA,NA,NA,NA,NA,NA,NA,NA,NA,NA,NA,NA,NA,NA,NA,NA,NA
"JORN120",61,"49.4_DE","29-04-2025 15:44:33.500 -0600","POINTZ(-106.778863373 32.6089546 1291.08)",32.6089546,-106.778863373,1291.08,0,1.74,2,0.093,0.23,0.93,0.45,0.82,43,32,NA,NA,NA,NA,NA,NA,NA,NA,NA,NA,NA,NA,NA,NA,NA,NA,NA,NA,NA,NA,NA,NA,NA,NA,NA,NA,NA,NA
"JORN123",55,"0.5_DS","29-04-2025 09:44:44.750 -0600","POINTZ(-106.839411553 32.633407868 1298.715)",32.633407868,-106.839411553,1298.715,0,1.74,2,0.1,0.22,0.91,0.51,0.76,38,30,NA,NA,NA,NA,NA,NA,NA,NA,NA,NA,NA,NA,NA,NA,NA,NA,NA,NA,NA,NA,NA,NA,NA,NA,NA,NA,NA,NA
"JORN123",56,"4.3_DE","29-04-2025 09:45:19.750 -0600","POINTZ(-106.839405065 32.633441133 1298.552)",32.633441133,-106.839405065,1298.552,0,1.74,2,0.11,0.23,0.91,0.51,0.76,38,30,NA,NA,NA,NA,NA,NA,NA,NA,NA,NA,NA,NA,NA,NA,NA,NA,NA,NA,NA,NA,NA,NA,NA,NA,NA,NA,NA,NA
"JORN123",57,"11.5_DS","29-04-2025 09:45:40.500 -0600","POINTZ(-106.8393929 32.633505405 1298.616)",32.633505405,-106.8393929,1298.616,0,1.74,2,0.11,0.23,0.91,0.51,0.75,38,30,NA,NA,NA,NA,NA,NA,NA,NA,NA,NA,NA,NA,NA,NA,NA,NA,NA,NA,NA,NA,NA,NA,NA,NA,NA,NA,NA,NA
"JORN123",58,"15.1_DE","29-04-2025 09:45:59.250 -0600","POINTZ(-106.839386668 32.633537542 1298.834)",32.633537542,-106.839386668,1298.834,0,1.74,2,0.11,0.24,0.91,0.51,0.75,38,30,NA,NA,NA,NA,NA,NA,NA,NA,NA,NA,NA,NA,NA,NA,NA,NA,NA,NA,NA,NA,NA,NA,NA,NA,NA,NA,NA,NA
"JORN123",59,"19_DS","29-04-2025 09:46:20.500 -0600","POINTZ(-106.839380475 32.633572033 1298.727)",32.633572033,-106.839380475,1298.727,0,1.74,2,0.11,0.25,0.91,0.51,0.75,38,30,NA,NA,NA,NA,NA,NA,NA,NA,NA,NA,NA,NA,NA,NA,NA,NA,NA,NA,NA,NA,NA,NA,NA,NA,NA,NA,NA,NA
"JORN123",60,"22.4_DE","29-04-2025 09:46:35.500 -0600","POINTZ(-106.839375668 32.633602177 1298.467)",32.633602177,-106.839375668,1298.467,0,1.74,2,0.11,0.24,0.91,0.51,0.75,38,30,NA,NA,NA,NA,NA,NA,NA,NA,NA,NA,NA,NA,NA,NA,NA,NA,NA,NA,NA,NA,NA,NA,NA,NA,NA,NA,NA,NA
"JORN123",61,"23.9_DS","29-04-2025 09:46:47.000 -0600","POINTZ(-106.839373233 32.63361544 1298.385)",32.63361544,-106.839373233,1298.385,0,1.74,2,0.11,0.25,0.91,0.51,0.75,38,30,NA,NA,NA,NA,NA,NA,NA,NA,NA,NA,NA,NA,NA,NA,NA,NA,NA,NA,NA,NA,NA,NA,NA,NA,NA,NA,NA,NA
"JORN123",62,"26.9_DE","29-04-2025 09:47:01.500 -0600","POINTZ(-106.83936863 32.633642132 1298.462)",32.633642132,-106.83936863,1298.462,0,1.74,2,0.11,0.24,0.91,0.51,0.75,38,30,NA,NA,NA,NA,NA,NA,NA,NA,NA,NA,NA,NA,NA,NA,NA,NA,NA,NA,NA,NA,NA,NA,NA,NA,NA,NA,NA,NA
"JORN123",63,"42.5_DS","29-04-2025 09:47:30.250 -0600","POINTZ(-106.839352215 32.633781297 1298.564)",32.633781297,-106.839352215,1298.564,0,1.74,2,0.11,0.24,0.91,0.51,0.75,38,30,NA,NA,NA,NA,NA,NA,NA,NA,NA,NA,NA,NA,NA,NA,NA,NA,NA,NA,NA,NA,NA,NA,NA,NA,NA,NA,NA,NA
"JORN123",64,"43.7_DE","29-04-2025 09:47:44.250 -0600","POINTZ(-106.839350262 32.633792915 1298.833)",32.633792915,-106.839350262,1298.833,0,1.74,2,0.11,0.23,0.91,0.51,0.75,38,30,NA,NA,NA,NA,NA,NA,NA,NA,NA,NA,NA,NA,NA,NA,NA,NA,NA,NA,NA,NA,NA,NA,NA,NA,NA,NA,NA,NA
"JORN123",65,"46.1_DS","29-04-2025 09:47:56.500 -0600","POINTZ(-106.839346807 32.63381378 1299.211)",32.63381378,-106.839346807,1299.211,0,1.74,2,0.1,0.23,0.9,0.51,0.75,38,30,NA,NA,NA,NA,NA,NA,NA,NA,NA,NA,NA,NA,NA,NA,NA,NA,NA,NA,NA,NA,NA,NA,NA,NA,NA,NA,NA,NA
"JORN123",66,"49.9_DE","29-04-2025 09:48:19.250 -0600","POINTZ(-106.83934014 32.633844472 1298.649)",32.633844472,-106.83934014,1298.649,0,1.74,2,0.11,0.25,0.9,0.51,0.74,38,30,NA,NA,NA,NA,NA,NA,NA,NA,NA,NA,NA,NA,NA,NA,NA,NA,NA,NA,NA,NA,NA,NA,NA,NA,NA,NA,NA,NA
"JORN126",51,"3.2_DS","28-04-2025 19:00:12.500 -0600","POINTZ(-106.843258217 32.608289975 1297.188)",32.608289975,-106.843258217,1297.188,0,1.74,2,0.11,0.27,1.16,0.57,1.01,36,26,NA,NA,NA,NA,NA,NA,NA,NA,NA,NA,NA,NA,NA,NA,NA,NA,NA,NA,NA,NA,NA,NA,NA,NA,NA,NA,NA,NA
"JORN126",52,"6.2_DE","28-04-2025 19:00:31.000 -0600","POINTZ(-106.843258483 32.608317823 1297.31)",32.608317823,-106.843258483,1297.31,0,1.74,2,0.11,0.27,1.16,0.57,1.01,32,26,NA,NA,NA,NA,NA,NA,NA,NA,NA,NA,NA,NA,NA,NA,NA,NA,NA,NA,NA,NA,NA,NA,NA,NA,NA,NA,NA,NA
"JORN126",54,"21.5_DS","28-04-2025 19:01:00.250 -0600","POINTZ(-106.843259197 32.608454923 1296.754)",32.608454923,-106.843259197,1296.754,0,1.74,2,0.11,0.27,1.16,0.57,1.01,32,26,NA,NA,NA,NA,NA,NA,NA,NA,NA,NA,NA,NA,NA,NA,NA,NA,NA,NA,NA,NA,NA,NA,NA,NA,NA,NA,NA,NA
"JORN126",55,"23.1_DE","28-04-2025 19:02:03.750 -0600","POINTZ(-106.843259203 32.608470042 1296.785)",32.608470042,-106.843259203,1296.785,0,1.74,2,0.11,0.27,1.17,0.57,1.01,32,26,NA,NA,NA,NA,NA,NA,NA,NA,NA,NA,NA,NA,NA,NA,NA,NA,NA,NA,NA,NA,NA,NA,NA,NA,NA,NA,NA,NA
"JORN126",56,"24.1_DS","28-04-2025 19:02:14.500 -0600","POINTZ(-106.843258478 32.608478378 1296.676)",32.608478378,-106.843258478,1296.676,0,1.74,2,0.11,0.27,1.17,0.57,1.01,32,26,NA,NA,NA,NA,NA,NA,NA,NA,NA,NA,NA,NA,NA,NA,NA,NA,NA,NA,NA,NA,NA,NA,NA,NA,NA,NA,NA,NA
"JORN126",57,"27.6_DE","28-04-2025 19:02:31.250 -0600","POINTZ(-106.843260782 32.60850874 1296.709)",32.60850874,-106.843260782,1296.709,0,1.74,2,0.11,0.27,1.17,0.58,1.01,32,26,NA,NA,NA,NA,NA,NA,NA,NA,NA,NA,NA,NA,NA,NA,NA,NA,NA,NA,NA,NA,NA,NA,NA,NA,NA,NA,NA,NA
"JORN126",58,"37.7_DS","28-04-2025 19:02:53.250 -0600","POINTZ(-106.843259268 32.608600545 1296.757)",32.608600545,-106.843259268,1296.757,0,1.74,2,0.11,0.27,1.17,0.58,1.01,32,26,NA,NA,NA,NA,NA,NA,NA,NA,NA,NA,NA,NA,NA,NA,NA,NA,NA,NA,NA,NA,NA,NA,NA,NA,NA,NA,NA,NA
"JORN126",59,"40.1_DE","28-04-2025 19:03:09.750 -0600","POINTZ(-106.843257383 32.608622707 1296.748)",32.608622707,-106.843257383,1296.748,0,1.74,2,0.12,0.27,1.17,0.58,1.02,32,26,NA,NA,NA,NA,NA,NA,NA,NA,NA,NA,NA,NA,NA,NA,NA,NA,NA,NA,NA,NA,NA,NA,NA,NA,NA,NA,NA,NA
"JORN129",52,"9.1_DS","29-04-2025 12:06:32.750 -0600","POINTZ(-106.845333028 32.649424258 1312.049)",32.649424258,-106.845333028,1312.049,0,1.74,2,0.099,0.22,0.91,0.48,0.77,36,30,NA,NA,NA,NA,NA,NA,NA,NA,NA,NA,NA,NA,NA,NA,NA,NA,NA,NA,NA,NA,NA,NA,NA,NA,NA,NA,NA,NA
"JORN129",53,"15.6_DE","29-04-2025 12:06:53.500 -0600","POINTZ(-106.845330595 32.649481318 1312.07)",32.649481318,-106.845330595,1312.07,0,1.74,2,0.094,0.21,0.91,0.48,0.77,37,30,NA,NA,NA,NA,NA,NA,NA,NA,NA,NA,NA,NA,NA,NA,NA,NA,NA,NA,NA,NA,NA,NA,NA,NA,NA,NA,NA,NA
"JORN129",54,"29.5_DS","29-04-2025 12:07:19.750 -0600","POINTZ(-106.845324307 32.649609957 1311.56)",32.649609957,-106.845324307,1311.56,0,1.74,2,0.1,0.23,0.91,0.48,0.77,37,30,NA,NA,NA,NA,NA,NA,NA,NA,NA,NA,NA,NA,NA,NA,NA,NA,NA,NA,NA,NA,NA,NA,NA,NA,NA,NA,NA,NA
"JORN129",55,"32.9_DE","29-04-2025 12:07:40.000 -0600","POINTZ(-106.845322585 32.649639977 1312.038)",32.649639977,-106.845322585,1312.038,0,1.74,2,0.094,0.21,0.91,0.48,0.77,37,30,NA,NA,NA,NA,NA,NA,NA,NA,NA,NA,NA,NA,NA,NA,NA,NA,NA,NA,NA,NA,NA,NA,NA,NA,NA,NA,NA,NA
"JORN129",56,"36.7_DS","29-04-2025 12:08:01.250 -0600","POINTZ(-106.845316685 32.649671322 1312.218)",32.649671322,-106.845316685,1312.218,0,1.74,2,0.092,0.21,0.91,0.48,0.77,37,30,NA,NA,NA,NA,NA,NA,NA,NA,NA,NA,NA,NA,NA,NA,NA,NA,NA,NA,NA,NA,NA,NA,NA,NA,NA,NA,NA,NA
"JORN129",57,"38.1_DE","29-04-2025 12:08:13.750 -0600","POINTZ(-106.845314982 32.649684403 1312.406)",32.649684403,-106.845314982,1312.406,0,1.74,2,0.092,0.21,0.91,0.48,0.77,37,30,NA,NA,NA,NA,NA,NA,NA,NA,NA,NA,NA,NA,NA,NA,NA,NA,NA,NA,NA,NA,NA,NA,NA,NA,NA,NA,NA,NA
"JORN129",58,"48.9_DS","29-04-2025 12:08:40.500 -0600","POINTZ(-106.845306957 32.649778407 1313.209)",32.649778407,-106.845306957,1313.209,0,1.74,2,0.092,0.21,0.91,0.48,0.77,37,30,NA,NA,NA,NA,NA,NA,NA,NA,NA,NA,NA,NA,NA,NA,NA,NA,NA,NA,NA,NA,NA,NA,NA,NA,NA,NA,NA,NA
"JORN137",52,"1.3_DS","28-04-2025 11:14:53.500 -0600","POINTZ(-106.843316687 32.676000123 1310.047)",32.676000123,-106.843316687,1310.047,0,1.74,2,0.095,0.22,1.06,0.57,0.89,36,29,NA,NA,NA,NA,NA,NA,NA,NA,NA,NA,NA,NA,NA,NA,NA,NA,NA,NA,NA,NA,NA,NA,NA,NA,NA,NA,NA,NA
"JORN137",53,"11_DE","28-04-2025 11:15:17.750 -0600","POINTZ(-106.843321808 32.676085378 1310.413)",32.676085378,-106.843321808,1310.413,0,1.74,2,0.1,0.23,1.06,0.57,0.89,36,29,NA,NA,NA,NA,NA,NA,NA,NA,NA,NA,NA,NA,NA,NA,NA,NA,NA,NA,NA,NA,NA,NA,NA,NA,NA,NA,NA,NA
"JORN137",54,"12.5_DS","28-04-2025 11:15:32.500 -0600","POINTZ(-106.843320087 32.676099267 1310.367)",32.676099267,-106.843320087,1310.367,0,1.74,2,0.096,0.23,1.06,0.57,0.89,36,29,NA,NA,NA,NA,NA,NA,NA,NA,NA,NA,NA,NA,NA,NA,NA,NA,NA,NA,NA,NA,NA,NA,NA,NA,NA,NA,NA,NA
"JORN137",55,"20.6_DE","28-04-2025 11:15:56.500 -0600","POINTZ(-106.84331598 32.676171327 1310.289)",32.676171327,-106.84331598,1310.289,0,1.74,2,0.1,0.23,1.06,0.57,0.9,36,29,NA,NA,NA,NA,NA,NA,NA,NA,NA,NA,NA,NA,NA,NA,NA,NA,NA,NA,NA,NA,NA,NA,NA,NA,NA,NA,NA,NA
"JORN137",56,"36.1_DS","28-04-2025 11:16:22.750 -0600","POINTZ(-106.843319202 32.676310663 1310.498)",32.676310663,-106.843319202,1310.498,0,1.74,2,0.1,0.23,1.06,0.57,0.9,36,29,NA,NA,NA,NA,NA,NA,NA,NA,NA,NA,NA,NA,NA,NA,NA,NA,NA,NA,NA,NA,NA,NA,NA,NA,NA,NA,NA,NA
"JORN137",57,"39.9_DE","28-04-2025 11:16:45.750 -0600","POINTZ(-106.843326048 32.676343412 1310.931)",32.676343412,-106.843326048,1310.931,0,1.74,2,0.098,0.23,1.06,0.57,0.9,35,29,NA,NA,NA,NA,NA,NA,NA,NA,NA,NA,NA,NA,NA,NA,NA,NA,NA,NA,NA,NA,NA,NA,NA,NA,NA,NA,NA,NA
"JORN137",58,"42.9_DS","28-04-2025 11:17:04.750 -0600","POINTZ(-106.843325365 32.676370947 1311.223)",32.676370947,-106.843325365,1311.223,0,1.74,2,0.096,0.23,1.06,0.57,0.9,35,29,NA,NA,NA,NA,NA,NA,NA,NA,NA,NA,NA,NA,NA,NA,NA,NA,NA,NA,NA,NA,NA,NA,NA,NA,NA,NA,NA,NA
"JORN138",53,"1.6_DE","28-04-2025 17:21:24.750 -0600","POINTZ(-106.838077063 32.668849083 1305.072)",32.668849083,-106.838077063,1305.072,0,1.74,2,0.11,0.2,0.93,0.52,0.77,38,31,NA,NA,NA,NA,NA,NA,NA,NA,NA,NA,NA,NA,NA,NA,NA,NA,NA,NA,NA,NA,NA,NA,NA,NA,NA,NA,NA,NA
"JORN138",54,"6.7_DS","28-04-2025 17:21:42.500 -0600","POINTZ(-106.838077283 32.668894098 1304.867)",32.668894098,-106.838077283,1304.867,0,1.74,2,0.11,0.21,0.93,0.52,0.77,38,31,NA,NA,NA,NA,NA,NA,NA,NA,NA,NA,NA,NA,NA,NA,NA,NA,NA,NA,NA,NA,NA,NA,NA,NA,NA,NA,NA,NA
"JORN138",55,"8.9_DE","28-04-2025 17:22:02.000 -0600","POINTZ(-106.838080802 32.668914375 1304.684)",32.668914375,-106.838080802,1304.684,0,1.74,2,0.11,0.2,0.93,0.52,0.77,38,31,NA,NA,NA,NA,NA,NA,NA,NA,NA,NA,NA,NA,NA,NA,NA,NA,NA,NA,NA,NA,NA,NA,NA,NA,NA,NA,NA,NA
"JORN138",56,"12.3_DS","28-04-2025 17:22:16.000 -0600","POINTZ(-106.8380808 32.668944138 1304.901)",32.668944138,-106.8380808,1304.901,0,1.74,2,0.11,0.2,0.92,0.52,0.77,38,31,NA,NA,NA,NA,NA,NA,NA,NA,NA,NA,NA,NA,NA,NA,NA,NA,NA,NA,NA,NA,NA,NA,NA,NA,NA,NA,NA,NA
"JORN138",57,"13.9_DE","28-04-2025 17:22:35.250 -0600","POINTZ(-106.838084785 32.668959473 1305.231)",32.668959473,-106.838084785,1305.231,0,1.74,2,0.11,0.2,0.92,0.52,0.76,38,31,NA,NA,NA,NA,NA,NA,NA,NA,NA,NA,NA,NA,NA,NA,NA,NA,NA,NA,NA,NA,NA,NA,NA,NA,NA,NA,NA,NA
"JORN138",58,"15.4_DS","28-04-2025 17:22:54.000 -0600","POINTZ(-106.838085335 32.668973068 1305.348)",32.668973068,-106.838085335,1305.348,0,1.74,2,0.11,0.2,0.92,0.52,0.76,38,31,NA,NA,NA,NA,NA,NA,NA,NA,NA,NA,NA,NA,NA,NA,NA,NA,NA,NA,NA,NA,NA,NA,NA,NA,NA,NA,NA,NA
"JORN138",59,"16.9_DE","28-04-2025 17:23:11.500 -0600","POINTZ(-106.838087022 32.668987003 1305.463)",32.668987003,-106.838087022,1305.463,0,1.74,2,0.11,0.19,0.92,0.52,0.76,38,31,NA,NA,NA,NA,NA,NA,NA,NA,NA,NA,NA,NA,NA,NA,NA,NA,NA,NA,NA,NA,NA,NA,NA,NA,NA,NA,NA,NA
"JORN138",60,"23.3_DS","28-04-2025 17:23:28.250 -0600","POINTZ(-106.8380846 32.669043557 1305.713)",32.669043557,-106.8380846,1305.713,0,1.74,2,0.11,0.2,0.92,0.52,0.76,38,31,NA,NA,NA,NA,NA,NA,NA,NA,NA,NA,NA,NA,NA,NA,NA,NA,NA,NA,NA,NA,NA,NA,NA,NA,NA,NA,NA,NA
"JORN138",61,"29.9_DE","28-04-2025 17:23:47.000 -0600","POINTZ(-106.83808757 32.66910377 1305.527)",32.66910377,-106.83808757,1305.527,0,1.74,2,0.11,0.2,0.85,0.48,0.71,38,32,NA,NA,NA,NA,NA,NA,NA,NA,NA,NA,NA,NA,NA,NA,NA,NA,NA,NA,NA,NA,NA,NA,NA,NA,NA,NA,NA,NA
"JORN138",62,"37.5_DS","28-04-2025 17:24:04.500 -0600","POINTZ(-106.838091587 32.669171487 1305.717)",32.669171487,-106.838091587,1305.717,0,1.74,2,0.11,0.19,0.85,0.48,0.71,38,32,NA,NA,NA,NA,NA,NA,NA,NA,NA,NA,NA,NA,NA,NA,NA,NA,NA,NA,NA,NA,NA,NA,NA,NA,NA,NA,NA,NA
"JORN138",63,"40.6_DE","28-04-2025 17:24:17.750 -0600","POINTZ(-106.838093518 32.669200005 1305.746)",32.669200005,-106.838093518,1305.746,0,1.74,2,0.11,0.2,0.85,0.48,0.71,38,32,NA,NA,NA,NA,NA,NA,NA,NA,NA,NA,NA,NA,NA,NA,NA,NA,NA,NA,NA,NA,NA,NA,NA,NA,NA,NA,NA,NA
"JORN138",64,"45_DS","28-04-2025 17:24:31.000 -0600","POINTZ(-106.838094387 32.669239117 1305.79)",32.669239117,-106.838094387,1305.79,0,1.74,2,0.11,0.21,0.85,0.48,0.7,38,32,NA,NA,NA,NA,NA,NA,NA,NA,NA,NA,NA,NA,NA,NA,NA,NA,NA,NA,NA,NA,NA,NA,NA,NA,NA,NA,NA,NA
"JORN139",51,"25.6_DS","28-04-2025 14:49:41.750 -0600","POINTZ(-106.833250743 32.691677112 1306.907)",32.691677112,-106.833250743,1306.907,0,1.74,2,0.098,0.24,1.02,0.47,0.91,41,31,NA,NA,NA,NA,NA,NA,NA,NA,NA,NA,NA,NA,NA,NA,NA,NA,NA,NA,NA,NA,NA,NA,NA,NA,NA,NA,NA,NA
"JORN139",52,"27.9_DE","28-04-2025 14:49:59.500 -0600","POINTZ(-106.833254682 32.691697377 1306.928)",32.691697377,-106.833254682,1306.928,0,1.74,2,0.097,0.24,0.97,0.46,0.86,41,32,NA,NA,NA,NA,NA,NA,NA,NA,NA,NA,NA,NA,NA,NA,NA,NA,NA,NA,NA,NA,NA,NA,NA,NA,NA,NA,NA,NA
"JORN139",54,"28.9_DS","28-04-2025 14:50:25.750 -0600","POINTZ(-106.83325404 32.691705368 1307.192)",32.691705368,-106.83325404,1307.192,0,1.74,2,0.095,0.23,0.97,0.46,0.86,41,32,NA,NA,NA,NA,NA,NA,NA,NA,NA,NA,NA,NA,NA,NA,NA,NA,NA,NA,NA,NA,NA,NA,NA,NA,NA,NA,NA,NA
"JORN139",55,"34.2_DE","28-04-2025 14:51:04.500 -0600","POINTZ(-106.833258057 32.69175471 1307.1)",32.69175471,-106.833258057,1307.1,0,1.74,2,0.096,0.24,0.98,0.46,0.86,41,32,NA,NA,NA,NA,NA,NA,NA,NA,NA,NA,NA,NA,NA,NA,NA,NA,NA,NA,NA,NA,NA,NA,NA,NA,NA,NA,NA,NA
"JORN140",51,"0.5_DS","28-04-2025 16:07:55.750 -0600","POINTZ(-106.840765887 32.681824895 1307.09)",32.681824895,-106.840765887,1307.09,0,1.74,2,0.1,0.24,0.92,0.47,0.79,45,32,NA,NA,NA,NA,NA,NA,NA,NA,NA,NA,NA,NA,NA,NA,NA,NA,NA,NA,NA,NA,NA,NA,NA,NA,NA,NA,NA,NA
"JORN140",52,"6.8_DE","28-04-2025 16:08:24.750 -0600","POINTZ(-106.840766977 32.681880727 1306.875)",32.681880727,-106.840766977,1306.875,0,1.74,2,0.1,0.23,0.92,0.47,0.79,45,32,NA,NA,NA,NA,NA,NA,NA,NA,NA,NA,NA,NA,NA,NA,NA,NA,NA,NA,NA,NA,NA,NA,NA,NA,NA,NA,NA,NA
"JORN140",53,"14.1_DS","28-04-2025 16:08:48.750 -0600","POINTZ(-106.840767053 32.68194513 1306.87)",32.68194513,-106.840767053,1306.87,0,1.74,2,0.1,0.24,0.92,0.47,0.79,44,32,NA,NA,NA,NA,NA,NA,NA,NA,NA,NA,NA,NA,NA,NA,NA,NA,NA,NA,NA,NA,NA,NA,NA,NA,NA,NA,NA,NA
"JORN140",54,"22.1_DE","28-04-2025 16:09:21.750 -0600","POINTZ(-106.840759877 32.682016168 1306.721)",32.682016168,-106.840759877,1306.721,0,1.74,2,0.1,0.24,0.89,0.46,0.75,44,32,NA,NA,NA,NA,NA,NA,NA,NA,NA,NA,NA,NA,NA,NA,NA,NA,NA,NA,NA,NA,NA,NA,NA,NA,NA,NA,NA,NA
"JORN140",55,"26.7_DS","28-04-2025 16:09:39.500 -0600","POINTZ(-106.840758912 32.682055608 1307.328)",32.682055608,-106.840758912,1307.328,0,1.74,2,0.097,0.21,0.88,0.46,0.75,45,32,NA,NA,NA,NA,NA,NA,NA,NA,NA,NA,NA,NA,NA,NA,NA,NA,NA,NA,NA,NA,NA,NA,NA,NA,NA,NA,NA,NA
"JORN140",56,"34.8_DE","28-04-2025 16:10:08.750 -0600","POINTZ(-106.84076641 32.682125578 1307.668)",32.682125578,-106.84076641,1307.668,0,1.74,2,0.1,0.23,0.99,0.5,0.85,45,31,NA,NA,NA,NA,NA,NA,NA,NA,NA,NA,NA,NA,NA,NA,NA,NA,NA,NA,NA,NA,NA,NA,NA,NA,NA,NA,NA,NA
"JORN140",57,"44.3_DS","28-04-2025 16:10:28.750 -0600","POINTZ(-106.840767127 32.682208845 1306.644)",32.682208845,-106.840767127,1306.644,0,1.74,2,0.1,0.24,0.99,0.5,0.85,44,30,NA,NA,NA,NA,NA,NA,NA,NA,NA,NA,NA,NA,NA,NA,NA,NA,NA,NA,NA,NA,NA,NA,NA,NA,NA,NA,NA,NA
"JORN140",58,"46.4_DE","28-04-2025 16:10:50.750 -0600","POINTZ(-106.8407668 32.682227773 1306.781)",32.682227773,-106.8407668,1306.781,0,1.74,2,0.1,0.24,0.99,0.5,0.85,44,30,NA,NA,NA,NA,NA,NA,NA,NA,NA,NA,NA,NA,NA,NA,NA,NA,NA,NA,NA,NA,NA,NA,NA,NA,NA,NA,NA,NA
"JORN141",51,"15.3_DS","28-04-2025 13:35:03.750 -0600","POINTZ(-106.845820565 32.690908352 1315.125)",32.690908352,-106.845820565,1315.125,0,1.74,2,0.11,0.26,0.94,0.48,0.81,45,32,NA,NA,NA,NA,NA,NA,NA,NA,NA,NA,NA,NA,NA,NA,NA,NA,NA,NA,NA,NA,NA,NA,NA,NA,NA,NA,NA,NA
"JORN141",52,"19.7_DE","28-04-2025 13:35:31.750 -0600","POINTZ(-106.845808692 32.690947322 1315.085)",32.690947322,-106.845808692,1315.085,0,1.74,2,0.1,0.25,0.94,0.48,0.82,44,32,NA,NA,NA,NA,NA,NA,NA,NA,NA,NA,NA,NA,NA,NA,NA,NA,NA,NA,NA,NA,NA,NA,NA,NA,NA,NA,NA,NA
"JORN141",53,"23.6_DS","28-04-2025 13:35:47.500 -0600","POINTZ(-106.845801817 32.690982367 1314.734)",32.690982367,-106.845801817,1314.734,0,1.74,2,0.1,0.24,0.95,0.48,0.82,44,32,NA,NA,NA,NA,NA,NA,NA,NA,NA,NA,NA,NA,NA,NA,NA,NA,NA,NA,NA,NA,NA,NA,NA,NA,NA,NA,NA,NA
"JORN141",54,"27.7_DE","28-04-2025 13:36:09.500 -0600","POINTZ(-106.84579367 32.691018402 1314.978)",32.691018402,-106.84579367,1314.978,0,1.74,2,0.1,0.26,0.95,0.48,0.82,44,32,NA,NA,NA,NA,NA,NA,NA,NA,NA,NA,NA,NA,NA,NA,NA,NA,NA,NA,NA,NA,NA,NA,NA,NA,NA,NA,NA,NA
"JORN141",55,"39.7_DS","28-04-2025 13:36:31.000 -0600","POINTZ(-106.845767242 32.691123513 1315.086)",32.691123513,-106.845767242,1315.086,0,1.74,2,0.1,0.25,0.95,0.48,0.82,44,32,NA,NA,NA,NA,NA,NA,NA,NA,NA,NA,NA,NA,NA,NA,NA,NA,NA,NA,NA,NA,NA,NA,NA,NA,NA,NA,NA,NA
"JORN141",56,"42.3_DE","28-04-2025 13:36:46.500 -0600","POINTZ(-106.845762857 32.691147433 1315.23)",32.691147433,-106.845762857,1315.23,0,1.74,2,0.1,0.24,0.95,0.48,0.82,44,32,NA,NA,NA,NA,NA,NA,NA,NA,NA,NA,NA,NA,NA,NA,NA,NA,NA,NA,NA,NA,NA,NA,NA,NA,NA,NA,NA,NA
"JORN144",51,"5_DS","27-04-2025 12:15:20.000 -0600","POINTZ(-106.775228502 32.57557241 1301.057)",32.57557241,-106.775228502,1301.057,0,1.74,2,0.093,0.2,0.87,0.48,0.72,39,30,NA,NA,NA,NA,NA,NA,NA,NA,NA,NA,NA,NA,NA,NA,NA,NA,NA,NA,NA,NA,NA,NA,NA,NA,NA,NA,NA,NA
"JORN144",52,"8.3_DE","27-04-2025 12:15:38.000 -0600","POINTZ(-106.775230108 32.575603343 1300.873)",32.575603343,-106.775230108,1300.873,0,1.74,2,0.095,0.2,0.87,0.48,0.72,39,30,NA,NA,NA,NA,NA,NA,NA,NA,NA,NA,NA,NA,NA,NA,NA,NA,NA,NA,NA,NA,NA,NA,NA,NA,NA,NA,NA,NA
"JORN144",53,"10.5_DS","27-04-2025 12:15:52.500 -0600","POINTZ(-106.775235145 32.575622527 1300.968)",32.575622527,-106.775235145,1300.968,0,1.74,2,0.093,0.2,0.87,0.48,0.72,39,30,NA,NA,NA,NA,NA,NA,NA,NA,NA,NA,NA,NA,NA,NA,NA,NA,NA,NA,NA,NA,NA,NA,NA,NA,NA,NA,NA,NA
"JORN144",54,"16.7_DE","27-04-2025 12:16:17.500 -0600","POINTZ(-106.775241743 32.575676993 1301.23)",32.575676993,-106.775241743,1301.23,0,1.74,2,0.092,0.2,0.87,0.48,0.72,39,30,NA,NA,NA,NA,NA,NA,NA,NA,NA,NA,NA,NA,NA,NA,NA,NA,NA,NA,NA,NA,NA,NA,NA,NA,NA,NA,NA,NA
"JORN144",55,"28.1_DS","27-04-2025 12:16:37.750 -0600","POINTZ(-106.775245012 32.575778682 1301.311)",32.575778682,-106.775245012,1301.311,0,1.74,2,0.096,0.21,0.87,0.48,0.72,39,30,NA,NA,NA,NA,NA,NA,NA,NA,NA,NA,NA,NA,NA,NA,NA,NA,NA,NA,NA,NA,NA,NA,NA,NA,NA,NA,NA,NA
"JORN144",56,"33.9_DE","27-04-2025 12:17:06.750 -0600","POINTZ(-106.775251193 32.575830067 1301.243)",32.575830067,-106.775251193,1301.243,0,1.74,2,0.094,0.21,0.87,0.48,0.72,39,30,NA,NA,NA,NA,NA,NA,NA,NA,NA,NA,NA,NA,NA,NA,NA,NA,NA,NA,NA,NA,NA,NA,NA,NA,NA,NA,NA,NA
"JORN144",57,"37.3_DS","27-04-2025 12:17:21.250 -0600","POINTZ(-106.77525337 32.57586016 1301.169)",32.57586016,-106.77525337,1301.169,0,1.74,2,0.093,0.2,0.87,0.48,0.72,43,30,NA,NA,NA,NA,NA,NA,NA,NA,NA,NA,NA,NA,NA,NA,NA,NA,NA,NA,NA,NA,NA,NA,NA,NA,NA,NA,NA,NA
"JORN144",58,"39.1_DE","27-04-2025 12:17:36.250 -0600","POINTZ(-106.775257133 32.575876562 1301.306)",32.575876562,-106.775257133,1301.306,0,1.74,2,0.092,0.2,0.87,0.48,0.72,43,30,NA,NA,NA,NA,NA,NA,NA,NA,NA,NA,NA,NA,NA,NA,NA,NA,NA,NA,NA,NA,NA,NA,NA,NA,NA,NA,NA,NA
"JORN144",59,"42.1_DS","27-04-2025 12:17:51.250 -0600","POINTZ(-106.77526092 32.575902518 1301.405)",32.575902518,-106.77526092,1301.405,0,1.74,2,0.095,0.21,0.87,0.48,0.73,39,30,NA,NA,NA,NA,NA,NA,NA,NA,NA,NA,NA,NA,NA,NA,NA,NA,NA,NA,NA,NA,NA,NA,NA,NA,NA,NA,NA,NA
"JORN144",60,"46.3_DE","27-04-2025 12:18:08.750 -0600","POINTZ(-106.775264503 32.575940685 1301.341)",32.575940685,-106.775264503,1301.341,0,1.74,2,0.093,0.2,0.87,0.48,0.73,40,30,NA,NA,NA,NA,NA,NA,NA,NA,NA,NA,NA,NA,NA,NA,NA,NA,NA,NA,NA,NA,NA,NA,NA,NA,NA,NA,NA,NA
